序号,代码,名称,涨跌幅,最新价,涨停价,成交额,流通市值,总市值,换手率,涨速,是否新高,量比,涨停统计,入选理由,所属行业,date
165,300411,金盾股份,-13.086150169372559,7.97,11.0,690170000,2153770487.27,3239964400.0,31.409879684448242,0.0,0,1.811853051185608,4/3,2,专用设备,2024-03-08
158,603960,克来机电,-8.777429580688477,34.92,42.11,2171341120,9135061524.0,9186002820.0,23.801937103271484,0.0,0,0.8550736904144287,26/15,2,专用设备,2024-03-08
156,002611,东方精工,-5.088495254516602,8.58,9.94,3001240512,8529994104.06,10459417562.88,35.97520065307617,0.7042253613471985,0,1.1482874155044556,11/8,2,专用设备,2024-03-08
155,603273,天元智能,-4.907975196838379,31.0,35.86,1083422128,1627550778.0,6643715400.0,66.15834045410156,0.6820396184921265,0,1.1103715896606445,8/6,2,专用设备,2024-03-08
148,600560,金自天正,-2.1311473846435547,17.91,20.13,1180745696,4005490905.0,4005490905.0,27.807994842529297,-0.72062087059021,1,3.8957583904266357,3/2,3,专用设备,2024-03-08
24,603283,赛腾股份,9.99595832824707,81.65,81.65,987119520,15190872109.2,16355813484.2,6.590328693389893,0.0,1,1.5580589771270752,1/1,1,专用设备,2024-03-08
91,002833,弘亚数控,2.96610164642334,19.44,20.77,91766297,4963869358.56,8247035243.52,1.873279333114624,0.10298661887645721,1,1.233708143234253,0/0,1,专用设备,2024-03-08
164,300836,佰奥智能,-12.08362865447998,24.81,33.86,260536638,1060401828.2399999,1588644737.1599998,24.399171829223633,0.0,0,2.1712043285369873,3/2,2,专用设备,2024-03-08
49,301030,仕净科技,6.8609700202941895,59.03,66.29,489773936,6759427723.41,8479460096.66,7.379256725311279,0.0,1,1.3343755006790161,0/0,1,专用设备,2024-03-08
53,002837,英维克,6.455951690673828,31.66,32.71,845504592,15376764368.12,17998082372.16,5.622387409210205,0.03159557655453682,1,1.0611287355422974,0/0,1,专用设备,2024-03-08
65,002009,天奇股份,4.613296985626221,15.42,16.21,1713131472,5761023455.76,6287762575.68,28.761550903320312,0.0,0,3.3073692321777344,3/2,2,专用设备,2024-03-08
75,300757,罗博特科,3.7977724075317383,129.55,149.77,2037525296,13473200000.000002,14300893136.300001,15.252594947814941,0.0,1,1.0009067058563232,0/0,1,专用设备,2024-03-08
16,603895,天永智能,10.01780891418457,24.71,24.71,261011456,2670656800.0,2670656800.0,10.215089797973633,0.0,0,1.0608881711959839,10/5,2,专用设备,2024-03-08
132,600285,羚锐制药,0.8118433952331543,21.11,23.03,159837343,11888882467.52,11972409840.0,1.3333691358566284,0.0948316752910614,1,0.8265320062637329,0/0,1,中药,2024-03-08
113,000538,云南白药,1.855873703956604,51.59,55.72,595136784,92103378903.69,92700138644.96,0.6489343047142029,0.01938735879957676,1,1.007844090461731,0/0,1,中药,2024-03-08
152,003005,竞业达,-3.4185495376586914,32.49,37.0,787837120,2398388959.53,4821516000.0,30.515174865722656,0.0,0,2.2383625507354736,3/2,2,互联网服,2024-03-08
13,605298,必得科技,10.026385307312012,12.51,12.51,13775949,1756404000.0,1807695000.0,0.7843269109725952,0.0,0,0.4443454146385193,2/2,2,交运设备,2024-03-08
32,000008,神州高铁,9.829059600830078,2.57,2.57,623009680,6904753395.61,6981090637.599999,9.334183692932129,0.0,1,9.046686172485352,2/2,3,交运设备,2024-03-08
12,600818,中路股份,10.029325485229492,18.76,18.76,441051584,4464090391.6,6030362679.040001,10.265799522399902,0.0,1,1.261138677597046,1/1,1,交运设备,2024-03-08
81,603129,春风动力,3.5892062187194824,118.62,125.96,185630982,17846872815.06,17846872815.06,1.0481597185134888,0.025297241285443306,1,0.8427643179893494,0/0,1,交运设备,2024-03-08
27,001324,长青科技,9.985597610473633,22.91,22.91,65539270,790395000.0,3161580000.0,8.292055130004883,0.0,0,1.319150686264038,2/2,2,交运设备,2024-03-08
38,300445,康斯特,8.690869331359863,19.76,21.82,414981024,2731172721.6800003,4197617056.88,15.399518013000488,0.0,1,2.0313422679901123,0/0,1,仪器仪表,2024-03-08
45,688408,中信博,7.619770050048828,99.29,110.71,344782224,13475190009.2,13485516169.2,2.5725245475769043,0.0,1,1.5745655298233032,0/0,1,光伏设备,2024-03-08
39,603806,福斯特,8.423627853393555,31.02,31.47,635518432,57826398641.22,57826398548.159996,1.126077651977539,0.4533678889274597,1,1.5935430526733398,0/0,1,光伏设备,2024-03-08
37,300274,阳光电源,8.69327449798584,99.4,109.74,3683336416,111948091691.8,147624008604.80002,3.372633457183838,0.0,1,1.439540147781372,0/0,1,光伏设备,2024-03-08
102,002056,横店东磁,2.6027398109436035,14.98,16.06,344913120,24028269183.8,24368146958.4,1.4416640996932983,0.0,1,1.0766444206237793,0/0,1,光伏设备,2024-03-08
83,688516,奥特维,3.5042459964752197,96.29,111.64,252830442,19990979412.030003,21654892277.280003,1.2748079299926758,0.0,1,1.2608363628387451,0/0,1,光伏设备,2024-03-08
15,600207,安彩高科,10.019268035888672,5.71,5.71,473855568,5998656859.15,6219974717.6,8.008513450622559,0.0,0,3.059366226196289,4/4,2,光伏设备,2024-03-08
52,300389,艾比森,6.526674270629883,18.77,21.14,128070632,4309272759.84,6829537177.44,3.035270929336548,0.0,1,1.0850696563720703,0/0,1,光学光电,2024-03-08
146,002217,合力泰,-1.3215858936309814,2.24,2.5,1232994800,6973208146.240001,6980772341.76,17.068153381347656,-1.3215858936309814,0,2.6601083278656006,16/8,2,光学光电,2024-03-08
43,603360,百傲化学,7.706592082977295,11.6,11.85,92872379,4151826423.6,4179691027.2,2.352876663208008,-0.6849315166473389,1,2.392730951309204,0/0,1,农药兽药,2024-03-08
109,600210,紫江企业,2.2964508533477783,4.9,5.27,75046228,7432007174.200001,7432007184.000001,1.0225038528442383,0.20449897646903992,1,1.425013542175293,0/0,1,包装材料,2024-03-08
4,838163,方大新材,12.730627059936523,12.22,14.09,11130980,743432722.5,1576477760.0,1.559635043144226,0.16393442451953888,1,2.45662260055542,0/0,1,包装材料,2024-03-08
68,002014,永新股份,4.058272838592529,10.0,10.57,80892717,6040993760.0,6124918720.0,1.3498162031173706,-0.09990009665489197,1,1.4943077564239502,0/0,1,包装材料,2024-03-08
153,002165,红 宝 丽,-3.932584524154663,3.42,3.92,262199666,2488423621.32,2514622852.7999997,10.627203941345215,0.0,0,1.4287317991256714,4/2,2,化学制品,2024-03-08
140,002096,易普力,0.2604166865348816,11.55,12.67,108670885,5641411036.8,14327090870.400002,1.9462131261825562,0.08665511012077332,1,0.8377086520195007,0/0,1,化学制品,2024-03-08
40,300067,安诺其,8.222222328186035,4.87,5.4,910938768,3757728787.98,5621804185.12,24.890291213989258,0.0,1,1.1636964082717896,0/0,1,化学制品,2024-03-08
97,002923,润都股份,2.751504898071289,11.95,12.79,222546678,3076356961.5499997,4001974696.0,7.171901702880859,0.0,0,2.346750020980835,5/3,2,化学制药,2024-03-08
126,002648,卫星化学,1.4336917400360107,16.98,18.41,252493721,57144981703.200005,57199724815.68,0.44118860363960266,-0.058858148753643036,1,0.8419744968414307,0/0,1,化学原料,2024-03-08
127,600989,宝丰能源,1.4313597679138184,15.59,16.91,316625728,114327082400.0,114327084395.52,0.27719059586524963,0.0,1,1.4773417711257935,0/0,1,化学原料,2024-03-08
67,002493,荣盛石化,4.3520307540893555,10.79,11.37,570968992,102486454687.49998,109254414663.68,0.563950777053833,0.18570101261138916,1,2.253812313079834,0/0,1,化纤行业,2024-03-08
123,300832,新产业,1.5865206718444824,82.6,97.57,196136377,57687601451.2,64900371558.399994,0.3405739963054657,0.0,1,1.0249524116516113,0/0,1,医疗器械,2024-03-08
60,002173,创新医疗,5.15247106552124,10.0,10.46,721241200,4234411680.0,4490430560.0,17.43761444091797,0.10010010004043579,1,1.3102151155471802,0/0,1,医疗服务,2024-03-08
108,603368,柳药集团,2.3501198291778564,21.34,22.94,189461180,7687380137.14,7729963957.76,2.46059513092041,0.0938086286187172,1,1.3154070377349854,0/0,1,医药商业,2024-03-08
79,002371,北方华创,3.639235019683838,301.87,320.4,2438931472,159929558970.58002,160079666243.04,1.536206603050232,-0.026494454592466354,1,1.2629644870758057,0/0,1,半导体,2024-03-08
20,002156,通富微电,10.0,26.07,26.07,3401360224,39528210968.73,39532728612.96,8.766380310058594,0.0,1,1.644518256187439,1/1,1,半导体,2024-03-08
138,603933,睿能科技,0.4091174900531769,17.18,18.82,452679456,3565615798.5,3611744098.5,13.510690689086914,0.17492711544036865,0,0.9517635703086853,16/10,2,半导体,2024-03-08
10,002632,道明光学,10.053619384765625,8.21,8.21,341504880,4768368090.31,5127958512.4800005,7.417605876922607,0.0,0,0.7132418751716614,5/3,2,塑料制品,2024-03-08
18,603580,艾艾精工,10.015897750854492,13.84,13.84,79424340,1808517088.0,1808517088.0,4.437344551086426,0.0,0,0.7480804920196533,4/4,2,塑料制品,2024-03-08
57,002668,奥马电器,5.718085289001465,7.95,8.27,210161139,8618685852.6,8618685820.800001,2.481426477432251,0.0,1,1.1209886074066162,0/0,1,家电行业,2024-03-08
112,002403,爱仕达,1.9161677360534668,8.51,9.19,191835297,2603519223.54,2898834281.7599998,7.51233434677124,0.11764705181121826,0,0.5230680108070374,12/6,2,家电行业,2024-03-08
89,000404,长虹华意,3.115726947784424,6.95,7.41,249234524,4827026395.400001,4837172088.8,5.135015964508057,0.14409221708774567,1,1.1506218910217285,0/0,1,家电行业,2024-03-08
8,600281,华阳新材,10.144927024841309,3.8,3.8,51594042,1954727695.0,1954727721.6,2.657593011856079,0.0,0,1.05785071849823,3/3,2,小金属,2024-03-08
50,300811,铂科新材,6.76125431060791,60.95,68.51,397478384,9851340576.5,12120337075.6,4.1153388023376465,0.0,1,1.3376235961914062,0/0,1,小金属,2024-03-08
46,600133,东湖高新,7.602339267730713,12.88,13.17,992119632,13733169590.0,13733169551.36,7.611445426940918,-0.1550387591123581,1,1.160278081893921,0/0,1,工程建设,2024-03-08
145,000628,高新发展,-0.7009345293045044,85.0,94.16,4372527616,16326293400.0,29943800000.0,26.871381759643555,-0.3633806109428406,0,0.8437668085098267,16/9,2,工程建设,2024-03-08
29,603388,元成股份,9.983633041381836,6.72,6.72,203535017,2188929603.84,2188929576.96,9.68808364868164,0.0,0,1.3465089797973633,2/2,2,工程建设,2024-03-08
130,600761,安徽合力,1.061865210533142,21.89,23.83,144294052,16656394785.69,16656394851.36,0.8723779916763306,0.13723695278167725,1,0.7218819856643677,0/0,1,工程机械,2024-03-08
149,002272,川润股份,-2.2008252143859863,7.11,8.0,1188195888,2384026683.84,3470606461.44,47.52466583251953,0.14084506034851074,1,18.778270721435547,5/4,3,工程机械,2024-03-08
61,000680,山推股份,4.962406158447266,6.98,7.32,313312352,7430701761.940001,10475970747.84,4.295210361480713,0.14347203075885773,1,1.450363278388977,0/0,1,工程机械,2024-03-08
119,001288,运机集团,1.7836593389511108,17.69,19.12,26241832,1087831955.75,2830400000.0,2.4207773208618164,0.0,1,0.5669261813163757,0/0,1,工程机械,2024-03-08
154,600375,汉马科技,-4.127579689025879,5.11,5.86,156317991,3343548852.84,3343548873.28,4.668534278869629,0.19607844948768616,0,0.6234676837921143,16/8,2,工程机械,2024-03-08
7,000056,皇庭国际,10.163934707641602,3.36,3.36,830410800,3036528710.88,4065898099.2,27.931215286254883,0.0,0,1.9941341876983643,4/2,2,房地产服,2024-03-08
72,601098,中南传媒,3.9556961059570312,13.14,13.9,241749725,23599440000.0,23599440000.0,1.0349888801574707,0.0761614665389061,1,1.1588308811187744,0/0,1,文化传媒,2024-03-08
151,600640,国脉文化,-3.200000047683716,14.52,16.5,601570912,11553505048.8,11553504990.72,5.19719123840332,-0.06882312893867493,0,0.6165531277656555,15/8,2,文化传媒,2024-03-08
59,601921,浙版传媒,5.342624664306641,9.07,9.47,321951216,3829553195.34,20155555571.68,8.50341796875,0.11037527769804001,1,1.1185781955718994,0/0,1,文化传媒,2024-03-08
142,603825,华扬联众,-0.24370430409908295,12.28,13.54,387930288,3110972858.56,3110972858.56,12.660938262939453,-0.08136696368455887,0,0.7891408205032349,15/8,2,文化传媒,2024-03-08
64,600373,中文传媒,4.637491703033447,16.02,16.84,431514592,21708120778.38,21708120666.239998,2.010575771331787,0.1876172572374344,1,1.184297800064087,0/0,1,文化传媒,2024-03-08
55,601928,凤凰传媒,6.181818008422852,11.68,12.1,460297920,29724432000.0,29724432000.0,1.579271912574768,0.0,1,1.0995746850967407,0/0,1,文化传媒,2024-03-08
162,600593,大连圣亚,-9.98396110534668,22.45,27.43,391573664,2891560000.0,2891560000.0,13.283271789550781,0.0,0,1.6300300359725952,4/3,2,旅游酒店,2024-03-08
87,601168,西部矿业,3.2823994159698486,18.25,19.44,1112240816,43489750000.0,43489750000.0,2.5828428268432617,0.05482456088066101,1,1.375985860824585,0/0,1,有色金属,2024-03-08
42,000630,铜陵有色,7.954545497894287,3.8,3.87,2943925200,40000530675.799995,48134638182.4,7.668722152709961,0.26385223865509033,1,2.9317452907562256,0/0,1,有色金属,2024-03-08
95,601600,中国铝业,2.777777910232544,6.66,7.13,1075723904,87104188506.78,114274819537.92,1.2543504238128662,-0.14992503821849823,1,1.365827202796936,0/0,1,有色金属,2024-03-08
90,600497,驰宏锌锗,3.0534350872039795,5.4,5.76,681974304,27492974467.2,27492974899.2,2.508484363555908,0.0,1,1.9944658279418945,0/0,1,有色金属,2024-03-08
41,601500,通用股份,8.055009841918945,5.5,5.6,494192000,8625320247.5,8742199048.0,5.851579189300537,0.18214936554431915,1,2.370988607406616,0/0,1,橡胶制品,2024-03-08
99,601118,海南橡胶,2.702702760696411,4.56,4.88,145271181,19514190754.32,19514190731.519997,0.7556056976318359,0.0,1,1.6665565967559814,0/0,1,橡胶制品,2024-03-08
118,601163,三角轮胎,1.8012423515319824,16.39,17.71,94922773,13112000000.0,13112000000.0,0.7286875247955322,0.1221747100353241,1,0.7030873894691467,0/0,1,橡胶制品,2024-03-08
157,600678,四川金顶,-5.11221981048584,7.61,8.82,909207008,2655813900.0,2655813900.0,33.34475326538086,0.0,0,0.9915030002593994,13/7,2,水泥建材,2024-03-08
71,601717,郑煤机,3.962390899658203,15.48,16.38,326228432,23701269020.4,27640127249.280003,1.3969578742980957,0.19417476654052734,1,1.4242815971374512,0/0,1,汽车零部,2024-03-08
35,002085,万丰奥威,9.339974403381348,8.78,8.83,2211013872,18642552225.6,18642552225.6,12.281079292297363,-0.4535147547721863,1,1.6778719425201416,0/0,1,汽车零部,2024-03-08
77,002369,卓翼科技,3.750000238418579,4.98,5.28,409343856,2819664227.28,2823442314.2400002,14.57960033416748,-0.20040079951286316,0,0.8823850154876709,6/3,2,消费电子,2024-03-08
11,603327,福蓉科技,10.033002853393555,16.67,16.67,1370292512,11297092300.000002,11297092300.000002,12.343689918518066,0.0,0,2.7435030937194824,7/6,2,消费电子,2024-03-08
25,601138,工业富联,9.995577812194824,24.87,24.87,6824257792,493293503103.96,494015744517.12,1.4404969215393066,0.0,1,1.076877474784851,1/1,1,消费电子,2024-03-08
2,300709,精研科技,20.0,37.98,37.98,1315342976,5654446372.44,7067192344.379999,24.573272705078125,0.0,1,1.2623963356018066,1/1,1,消费电子,2024-03-08
161,600715,文投控股,-9.893993377685547,2.55,3.11,748831056,4729876425.0,4729876435.2,15.264498710632324,0.0,0,1.3167756795883179,12/8,2,游戏,2024-03-08
106,601918,新集能源,2.4875621795654297,8.24,8.84,319630432,21346064432.0,21346064497.920002,1.526760220527649,0.24330900609493256,1,0.6413988471031189,0/0,1,煤炭行业,2024-03-08
141,600803,新奥股份,-0.10411244630813599,19.19,21.13,94292625,54425547421.15,59458249944.00001,0.17313049733638763,-0.2080083191394806,1,0.5834389328956604,0/0,1,燃气,2024-03-08
110,000885,城发环境,2.216538906097412,11.99,12.9,86213507,7698518277.45,7698518289.440001,1.1297825574874878,0.2508361041545868,1,1.504672884941101,0/0,1,环保行业,2024-03-08
70,601636,旗滨集团,4.022988796234131,7.24,7.66,403947584,19428554052.84,19428554016.64,2.0955989360809326,0.13831259310245514,1,1.2582136392593384,0/0,1,玻璃玻纤,2024-03-08
111,600905,三峡能源,2.092050313949585,4.88,5.26,757742368,66236240000.0,139680040427.52,1.1525236368179321,0.0,1,1.3096917867660522,0/0,1,电力行业,2024-03-08
120,600023,浙能电力,1.7271157503128052,5.89,6.37,306407472,78977435891.61,78977435438.08,0.38951072096824646,0.0,1,0.7298880219459534,0/0,1,电力行业,2024-03-08
115,600027,华电国际,1.8209408521652222,6.71,7.25,416658592,57104297746.43,68626935759.36,0.7382426857948303,0.1492537260055542,1,0.8286072611808777,0/0,1,电力行业,2024-03-08
116,000543,皖能电力,1.8158236742019653,7.85,8.48,202254508,17794877148.35,17794877124.8,1.1490424871444702,0.12755101919174194,1,0.6716079711914062,0/0,1,电力行业,2024-03-08
121,600098,广州发展,1.686340570449829,6.03,6.52,98441145,21050909567.370003,21146430345.120003,0.4703017473220825,0.0,1,0.7925563454627991,0/0,1,电力行业,2024-03-08
124,003816,中国广核,1.4742014408111572,4.13,4.48,401424768,162453492593.0,208559264256.0,0.24862293899059296,0.0,1,0.6641895174980164,0/0,1,电力行业,2024-03-08
125,600886,国投电力,1.4686248302459717,15.2,16.48,246207783,105881274874.4,113303533568.0,0.23365731537342072,0.0,1,0.9026502966880798,0/0,1,电力行业,2024-03-08
128,600483,福能股份,1.2358393669128418,9.83,10.68,214993232,24977478595.98,24977478576.32,0.8625831007957458,-0.10162600874900818,1,0.9951299428939819,0/0,1,电力行业,2024-03-08
129,600795,国电电力,1.1976048946380615,5.07,5.51,648379632,90426588745.74,90426588695.04001,0.7197265625,0.0,1,0.9652401208877563,0/0,1,电力行业,2024-03-08
131,600025,华能水电,0.914634108543396,9.93,10.82,230687260,178740000000.0,178740000000.0,0.12934790551662445,-0.2010050266981125,1,0.8059836626052856,0/0,1,电力行业,2024-03-08
134,600674,川投能源,0.5385996103286743,16.8,18.38,214787775,81893394710.40001,81893395046.40001,0.2639315724372864,0.0,1,0.737694501876831,0/0,1,电力行业,2024-03-08
135,600236,桂冠电力,0.49833887815475464,6.05,6.62,77203246,47688385702.1,47688385254.4,0.16205252707004547,0.0,1,1.1377569437026978,0/0,1,电力行业,2024-03-08
114,600011,华能国际,1.8318965435028076,9.45,10.21,476160592,103928358734.54999,148346981798.4,0.46175965666770935,0.0,1,0.8416718244552612,0/0,1,电力行业,2024-03-08
105,600578,京能电力,2.539682626724243,3.23,3.47,158271972,21623625878.45,21623625597.44,0.7409560680389404,0.3105590045452118,1,1.5670206546783447,0/0,1,电力行业,2024-03-08
96,601985,中国核电,2.771618604660034,9.27,9.92,1180171984,175048050717.09,175048051875.84,0.6821992993354797,0.0,1,1.2468377351760864,0/0,1,电力行业,2024-03-08
143,600021,上海电力,-0.34324944019317627,8.71,9.61,366486464,22795500155.870003,24533837174.08,1.6086465120315552,0.1149425283074379,1,1.172705888748169,0/0,1,电力行业,2024-03-08
98,000883,湖北能源,2.702702760696411,4.94,5.29,133427970,32009996882.760002,32213490549.760002,0.4221833050251007,0.20283974707126617,1,0.8981947302818298,0/0,1,电力行业,2024-03-08
93,000027,深圳能源,2.8787879943847656,6.79,7.26,276220592,32302677529.64,32302676904.96,0.866713285446167,0.14749261736869812,1,1.7199952602386475,0/0,1,电力行业,2024-03-08
86,601991,大唐发电,3.321033239364624,2.8,2.98,512503936,34709049496.799995,51818789478.399994,1.4920852184295654,0.0,1,1.4107927083969116,0/0,1,电力行业,2024-03-08
104,002608,江苏国信,2.5641026496887207,7.6,8.15,117586811,28713405750.399998,28713405811.199997,0.41406959295272827,0.0,1,0.9885242581367493,0/0,1,电力行业,2024-03-08
47,000600,建投能源,7.1955718994140625,5.81,5.96,481610768,6333149109.559999,10409349291.039999,7.831413269042969,0.0,1,2.192221164703369,0/0,1,电力行业,2024-03-08
54,603920,世运电路,6.313130855560303,21.05,21.78,554423200,11316593859.45,11316593838.4,5.0133867263793945,0.0,1,0.8556264042854309,0/0,1,电子元件,2024-03-08
6,300476,胜宏科技,10.939456939697266,26.57,28.74,1633918624,22722895504.41,22921637164.8,7.492427349090576,0.0,1,1.0820534229278564,0/0,1,电子元件,2024-03-08
159,001298,好上好,-9.011263847351074,29.08,35.16,696277712,1797056207.4799998,4108655039.9999995,37.51985168457031,0.0,0,1.6622934341430664,4/3,2,电子元件,2024-03-08
22,002916,深南电路,10.0,89.32,89.32,1328337360,45610347650.56,45810221515.52,3.03729510307312,0.0,1,1.2561824321746826,1/1,1,电子元件,2024-03-08
5,300475,香农芯创,11.170212745666504,41.8,45.12,1554597072,18402064060.6,19126248768.0,8.82949161529541,0.0,1,1.1554585695266724,0/0,1,电子元件,2024-03-08
44,002484,江海股份,7.678677082061768,18.23,18.62,336014176,14429990024.970001,15475299993.28,2.4009149074554443,-0.05482456088066101,1,1.6674933433532715,0/0,1,电子元件,2024-03-08
17,002463,沪电股份,10.01733112335205,31.74,31.74,2710869536,60539186035.439995,60572841480.96,4.6298394203186035,0.0,1,1.4976427555084229,1/1,1,电子元件,2024-03-08
51,688155,先惠技术,6.606657981872559,62.77,70.66,66562193,4812961056.72,4812961056.72,1.4075422286987305,0.0,1,1.734126091003418,0/0,1,电池,2024-03-08
84,002851,麦格米特,3.5038259029388428,25.7,27.31,151240648,10639503087.9,12878313587.199999,1.4502663612365723,0.11686794459819794,1,1.2247377634048462,0/0,1,电源设备,2024-03-08
103,601567,三星医疗,2.5658340454101562,30.38,32.58,378047776,42377464626.14,42872169963.84,0.8990453481674194,0.13183915615081787,1,0.7486287355422974,0/0,1,电网设备,2024-03-08
48,301291,明阳电气,6.9020867347717285,33.3,37.38,270814320,2396572528.5,10396260000.0,11.499826431274414,0.0,1,2.0311977863311768,0/0,1,电网设备,2024-03-08
31,002857,三晖电气,9.968354225158691,13.9,13.9,46145365,1779200000.0,1779200000.0,2.610546827316284,0.0,0,0.9487652778625488,2/2,2,电网设备,2024-03-08
107,000682,东方电子,2.422907590866089,9.3,9.99,136801477,12467516006.7,12468761174.400002,1.106961727142334,0.10764262080192566,1,0.7910541892051697,0/0,1,电网设备,2024-03-08
19,001208,华菱线缆,10.0,9.24,9.24,176024032,2292192182.28,4938077760.0,7.808164596557617,0.0,0,2.4255056381225586,2/2,2,电网设备,2024-03-08
36,600938,中国海油,8.941930770874023,30.58,30.88,2161609296,86903829664.73999,1454591644098.5598,2.598445415496826,-0.032690420746803284,1,1.4690381288528442,0/0,1,石油行业,2024-03-08
163,002875,安奈儿,-9.984317779541016,17.22,21.04,951872096,2978812996.3199997,3667943895.8399997,31.279727935791016,0.0,0,2.8786563873291016,9/7,2,纺织服装,2024-03-08
62,603365,水星家纺,4.951690673828125,17.38,18.22,108042759,4566308230.0,4566308230.0,2.395164728164673,0.057570524513721466,1,1.5148093700408936,0/0,1,纺织服装,2024-03-08
78,002327,富安娜,3.644859790802002,11.09,11.77,107480617,5398560198.61,9279831467.36,1.9977898597717285,0.0,1,1.3202934265136719,0/0,1,纺织服装,2024-03-08
14,001209,洪兴股份,10.025543212890625,17.23,17.23,211834543,694159810.57,2266136465.6,31.880128860473633,0.0,0,2.548445463180542,2/2,2,纺织服装,2024-03-08
94,002293,罗莱生活,2.8776979446411133,10.01,10.7,74972091,8275900823.19,8353139674.88,0.9065133929252625,0.10000000149011612,1,2.001985788345337,0/0,1,纺织服装,2024-03-08
69,600398,海澜之家,4.055620193481445,8.98,9.49,400810512,39341414590.96,39341413908.48,1.0297819375991821,0.2232142984867096,1,1.5583453178405762,0/0,1,纺织服装,2024-03-08
23,603261,立航科技,9.996806144714355,34.44,34.44,298486880,905678185.4399999,2697334669.68,33.637699127197266,0.0,0,5.450172424316406,4/4,2,航天航空,2024-03-08
34,688685,迈信林,9.71672248840332,36.02,39.4,168310590,2039332345.3400002,4029437345.34,8.50085735321045,0.0,1,2.5868334770202637,0/0,1,航天航空,2024-03-08
85,000582,北部湾港,3.3942558765411377,7.92,8.43,125985935,11178711149.76,14033736414.72,1.1438575983047485,0.12642225623130798,1,1.4149198532104492,0/0,1,航运港口,2024-03-08
137,600026,中远海能,0.41265472769737244,14.6,15.99,420801504,50731735367.0,69653334272.0,0.8274456262588501,0.0,1,0.8360729217529297,0/0,1,航运港口,2024-03-08
21,002325,洪涛股份,10.0,1.76,1.76,332849728,2533168827.2,3091465006.08,13.784987449645996,0.0,0,1.1993746757507324,8/4,2,装修装饰,2024-03-08
136,000975,银泰黄金,0.48076924681663513,16.72,18.3,551251104,41577628932.399994,46426796387.84,1.3443800210952759,0.23980815708637238,1,0.8009122014045715,0/0,1,贵金属,2024-03-08
28,603508,思维列控,9.984871864318848,21.81,21.81,683655808,8315594162.37,8315594315.04,8.869942665100098,0.0,1,1.4922713041305542,6/4,3,软件开发,2024-03-08
92,600941,中国移动,2.8826096057891846,108.5,116.01,1323178368,82310581069.5,2321558521856.0,1.6264005899429321,-0.009215740486979485,1,1.1772736310958862,0/0,1,通信服务,2024-03-08
76,300736,百邦科技,3.7610621452331543,14.07,16.27,70355080,1810546707.06,1830027269.28,3.9403796195983887,0.0,1,1.6258563995361328,0/0,1,通信服务,2024-03-08
9,002313,日海智能,10.057143211364746,9.63,9.63,287414080,3603960330.7500005,3605472000.0000005,8.006722450256348,0.0,0,0.7877997159957886,12/6,2,通信设备,2024-03-08
56,000586,汇源通信,5.9377946853637695,11.24,11.67,330839472,2174265600.0,2174265600.0,15.425663948059082,-0.08888889104127884,0,0.8127252459526062,12/6,2,通信设备,2024-03-08
26,002281,光迅科技,9.994353294372559,38.96,38.96,5171270400,29449468478.08,30942108049.920002,17.9078311920166,0.0,1,1.193045973777771,7/4,3,通信设备,2024-03-08
58,300548,博创科技,5.633321762084961,30.94,35.15,1327101280,6866832139.440001,8866869851.84,19.179306030273438,0.0,1,1.3813179731369019,0/0,1,通信设备,2024-03-08
1,300554,三超新材,20.00899314880371,26.69,26.69,536109232,2043117765.15,3048306990.13,29.385517120361328,0.0,0,1.688423991203308,3/2,2,通用设备,2024-03-08
30,603131,上海沪工,9.97693157196045,19.07,19.07,1191145584,6064058811.5,6064058925.92,20.831565856933594,0.0,1,2.206221103668213,4/4,3,通用设备,2024-03-08
33,688003,天准科技,9.824257850646973,38.12,41.65,213666436,7336003399.999999,7336003399.999999,2.977781295776367,0.0,1,2.4296154975891113,0/0,1,通用设备,2024-03-08
66,605060,联德股份,4.607046127319336,19.3,20.3,42320921,4632000000.0,4656240800.0,0.9371933341026306,0.25974026322364807,1,1.3489882946014404,0/0,1,通用设备,2024-03-08
3,300430,诚益通,13.162939071655273,17.71,18.78,366248304,4580582742.89,4838090340.16,8.372820854187012,0.0,1,1.2076362371444702,0/0,1,通用设备,2024-03-08
73,603277,银都股份,3.8543899059295654,29.1,30.82,34629424,12145627050.0,12240725966.400002,0.2870556712150574,0.17211703956127167,1,0.9266836047172546,0/0,1,通用设备,2024-03-08
82,605377,华旺科技,3.578244209289551,21.71,23.06,62622309,7197405904.650001,7212242974.56,0.8788238167762756,0.04608295112848282,1,0.7882348299026489,0/0,1,造纸印刷,2024-03-08
117,600968,海油发展,1.8018018007278442,3.39,3.66,95152324,34459703234.61,34459702993.92,0.27892765402793884,0.0,1,0.7690779566764832,0/0,1,采掘行业,2024-03-08
101,603979,金诚信,2.640545129776001,48.2,51.66,246319974,29023062734.2,29023062396.800003,0.8607669472694397,0.0,1,0.827927827835083,0/0,1,采掘行业,2024-03-08
139,600019,宝钢股份,0.292397677898407,6.86,7.52,428601744,149945324230.24002,151742225331.2,0.28548991680145264,0.0,1,1.035997748374939,0/0,1,钢铁行业,2024-03-08
88,600282,南钢股份,3.131990909576416,4.61,4.92,245736576,28421069560.710003,28421069841.920002,0.8734938502311707,0.0,1,1.258272647857666,0/0,1,钢铁行业,2024-03-08
100,600295,鄂尔多斯,2.6827011108398438,11.1,11.89,171856419,21928896419.399998,31066416441.6,0.7959826588630676,0.0,1,1.6384507417678833,0/0,1,钢铁行业,2024-03-08
144,002318,久立特材,-0.46968403458595276,23.31,25.76,86413346,22244190529.68,22777849483.199997,0.39009523391723633,0.21496130526065826,1,0.7787505388259888,0/0,1,钢铁行业,2024-03-08
80,002075,沙钢股份,3.5989716053009033,4.03,4.28,287798320,8841102337.6,8841116523.2,3.344982624053955,-0.24752475321292877,1,1.412455677986145,0/0,1,钢铁行业,2024-03-08
133,000429,粤高速Ａ,0.6951340436935425,10.14,11.08,137675625,13215765246.84,21200774137.920002,1.043857455253601,0.09871669113636017,1,1.1040995121002197,0/0,1,铁路公路,2024-03-08
150,603069,海汽集团,-2.9354207515716553,19.84,22.48,885958176,6269440000.0,6269440000.0,13.072247505187988,-0.10070493817329407,1,10.961758613586426,3/2,3,铁路公路,2024-03-08
74,600012,皖通高速,3.802816867828369,14.74,15.62,102610643,17180944000.0,24447911400.0,0.6066763997077942,0.0,1,1.3034638166427612,0/0,1,铁路公路,2024-03-08
122,601169,北京银行,1.6791045665740967,5.45,5.9,475127088,115229264282.40001,115229263846.40001,0.4153302013874054,0.0,1,1.1742422580718994,0/0,1,银行,2024-03-08
160,300904,威力传动,-9.045305252075195,58.02,76.55,433623264,1049929920.0,4199675120.6400003,40.40907287597656,0.0,0,1.711237907409668,3/2,2,风电设备,2024-03-08
63,300783,三只松鼠,4.761904716491699,21.78,24.95,343445232,6106752630.0,8733780000.0,5.687543869018555,0.0,1,1.0904583930969238,0/0,1,食品饮料,2024-03-08
147,000895,双汇发展,-1.7773306369781494,29.29,32.8,412327312,101463321168.3,101479927016.64,0.4040016829967499,0.0,1,1.0771280527114868,0/0,1,食品饮料,2024-03-08
